<?xml version="1.0" encoding="UTF-8"?>
<project-private xmlns="http://www.netbeans.org/ns/project-private/1">
    <editor-bookmarks xmlns="http://www.netbeans.org/ns/editor-bookmarks/2" lastBookmarkId="0"/>
    <open-files xmlns="http://www.netbeans.org/ns/projectui-open-files/2">
        <group>
            <file>file:/D:/xampp/htdocs/Pasikun/index.php</file>
            <file>file:/D:/xampp/htdocs/Pasikun/connect.php</file>
            <file>file:/D:/xampp/htdocs/Pasikun/css/main.css</file>
            <file>file:/D:/xampp/htdocs/Pasikun/data.php</file>
            <file>file:/D:/xampp/htdocs/Pasikun/addinfo.php</file>
            <file>file:/D:/xampp/htdocs/Pasikun/edit_form.php</file>
        </group>
    </open-files>
</project-private>
